generation,name,speed,value,defence,claim,flush,pongs,pts_per_hand,stderr
1,gen0,0.6,2,0.4,0.4,1.5,1,0.0085,0.1394
1,gen1_m1,0.62933844,1.8952484,0.36420155,0.6598636,1.3103595,0.86327773,0.1015,0.1450
1,gen1_m2,0.4759541,2.5643609,0.28270242,0.36675325,0.858826,1.0211499,-0.0650,0.1428
1,gen1_m3,0.66349185,1.7569771,0.45327908,0.4310852,1.4653997,1.3848679,-0.0450,0.1414
2,gen0,0.6,2,0.4,0.4,1.5,1,-0.0522,0.1501
2,gen2_m1,0.7216104,0.98362374,0.31257695,0.4301277,1.3640156,1.5960808,-0.1232,0.1464
2,gen2_m2,0.50424224,1.7856499,0.35159284,0.30455613,1.0949082,1.3308337,0.1263,0.1454
2,gen2_m3,0.63968307,2.1787467,0.48255673,0.5064437,1.0592886,0.95462143,0.0493,0.1497
3,gen0,0.6,2,0.4,0.4,1.5,1,1.2178,0.1692
3,gen3_m1,0.45184347,1.4618307,0.3371987,0.36163446,1.1845556,1.0246464,1.3818,0.1675
3,gen3_m2,1.4605434,2.3577626,0.35471162,0.384782,2.6702724,0.8502556,-3.4268,0.1323
3,gen3_m3,0.4939938,2.877381,0.5538923,0.46416602,1.5037613,0.81684554,0.8273,0.1640
4,gen0,0.6,2,0.4,0.4,1.5,1,1.0902,0.1641
4,gen4_m1,0.42274496,3.0722232,0.47016993,0.3383203,1.3832482,1.2064935,0.4883,0.1588
4,gen4_m2,1.0518181,3.24132,0.32116914,0.33759174,1.4159977,1.0079618,-1.6427,0.1555
4,gen4_m3,0.8010135,2.4288676,0.315711,0.29997787,1.055374,0.69328123,0.0643,0.1589
5,gen0,0.6,2,0.4,0.4,1.5,1,0.2622,0.1655
5,gen5_m1,0.8898269,2.1838858,0.51183504,0.3660179,1.5621511,1.1007141,-0.9147,0.1501
5,gen5_m2,0.35090598,2.7054658,0.40623853,0.57452863,1.5803964,1.0140113,0.2913,0.1600
5,gen5_m3,0.43382698,2.1150205,0.32760802,0.29235947,1.8835614,0.79709363,0.3613,0.1639
6,gen0,0.6,2,0.4,0.4,1.5,1,0.4532,0.1535
6,gen6_m1,0.5272797,1.3800325,0.37532815,0.31089684,1.6723162,1.1007339,0.1153,0.1497
6,gen6_m2,0.9426277,1.9296452,0.45140275,0.37491873,1.5618992,0.9066665,-1.0973,0.1483
6,gen6_m3,0.6752976,2.4134412,0.28617415,0.3712121,1.6813676,1.0225195,0.5288,0.1526
7,gen0,0.6,2,0.4,0.4,1.5,1,0.9260,0.1652
7,gen7_m1,1.0176606,2.1863549,0.39717826,0.310408,1.8827829,0.91214365,-1.4120,0.1462
7,gen7_m2,0.46266845,1.5833976,0.33536413,0.41103148,1.4275858,1.0624335,0.9250,0.1655
7,gen7_m3,0.88122934,1.507387,0.31891596,0.39992884,1.7630079,0.8456122,-0.4390,0.1633
8,gen0,0.6,2,0.4,0.4,1.5,1,0.3150,0.1444
8,gen8_m1,0.5463877,2.3475773,0.415339,0.3945827,1.9865296,1.1359469,-0.2905,0.1449
8,gen8_m2,0.6490364,0.8969658,0.47313675,0.3484939,1.113782,0.9074361,0.0310,0.1431
8,gen8_m3,0.4174196,2.7612607,0.46331388,0.4989226,1.508582,0.89337176,-0.0555,0.1465
9,gen0,0.6,2,0.4,0.4,1.5,1,0.0803,0.1509
9,gen9_m1,0.35974553,1.4723213,0.35441366,0.64629406,1.2152507,0.89935607,0.2657,0.1482
9,gen9_m2,0.524939,2.0515318,0.38196847,0.503437,2.7481098,0.7145329,0.1688,0.1503
9,gen9_m3,0.8187434,1.9258851,0.32685265,0.41296276,1.2874846,0.8449534,-0.5148,0.1533
10,gen0,0.6,2,0.4,0.4,1.5,1,0.0607,0.1587
10,gen10_m1,0.78112453,2.3300972,0.38583443,0.32709858,1.3079271,1.3215325,-0.2983,0.1577
10,gen10_m2,0.67839324,2.1548283,0.28373596,0.22024016,1.4732364,1.1927803,0.0278,0.1630
10,gen10_m3,0.61874354,3.8805275,0.2796179,0.24694017,0.9961998,0.92758477,0.2097,0.1643
11,gen0,0.6,2,0.4,0.4,1.5,1,0.5490,0.1607
11,gen11_m1,0.6553086,1.7990996,0.48332176,0.38767013,2.5052834,0.7781728,0.2595,0.1550
11,gen11_m2,0.48439664,2.5590575,0.45694524,0.5347547,2.221273,0.7887759,0.5595,0.1613
11,gen11_m3,0.9195904,2.049493,0.5844361,0.21387163,1.4557772,1.0294755,-1.3680,0.1547
12,gen0,0.6,2,0.4,0.4,1.5,1,0.2142,0.1390
12,gen12_m1,0.51817286,2.1180558,0.5308079,0.5164264,1.3228275,0.91408604,-0.0818,0.1378
12,gen12_m2,0.5761875,1.9100145,0.65909326,0.68503803,1.1482341,0.9975645,-0.1663,0.1450
12,gen12_m3,0.49141815,1.957442,0.30263516,0.3252835,1.4310989,0.88235325,0.0338,0.1433
13,gen0,0.6,2,0.4,0.4,1.5,1,0.0635,0.1481
13,gen13_m1,0.5209365,1.8836925,0.3281581,0.55962336,2.1264062,0.8401024,-0.0545,0.1466
13,gen13_m2,0.6623819,1.7415974,0.3908895,0.38065973,1.2658249,1.17013,0.0215,0.1457
13,gen13_m3,0.6601076,1.3576442,0.38036415,0.36835435,2.073099,0.8151169,-0.0305,0.1478
14,gen0,0.6,2,0.4,0.4,1.5,1,-0.1350,0.1466
14,gen14_m1,0.5971165,2.1168551,0.43520775,0.48024598,1.3679501,1.1092157,-0.0795,0.1523
14,gen14_m2,0.3649179,2.3032367,0.46090895,0.43004552,1.269065,1.011152,0.3145,0.1450
14,gen14_m3,0.6147684,2.4683442,0.52579373,0.4637433,1.864012,1.4822247,-0.1000,0.1459
15,gen14_m2,0.3649179,2.3032367,0.46090895,0.43004552,1.269065,1.011152,-0.1983,0.1467
15,gen15_m1,0.41715097,2.7772312,0.61879164,0.5516402,2.0526404,1.2799655,-0.0762,0.1551
15,gen15_m2,0.42422023,1.8996001,0.5148382,0.305209,1.1435049,0.849183,0.0408,0.1495
15,gen15_m3,0.29759455,2.6911275,0.21253468,0.38191894,0.90802985,0.95829946,0.2338,0.1521
16,gen15_m3,0.29759455,2.6911275,0.21253468,0.38191894,0.90802985,0.95829946,0.1588,0.1459
16,gen16_m1,0.26518807,1.8147786,0.22252983,0.3608559,0.78211564,0.69185835,0.1138,0.1478
16,gen16_m2,0.33817205,3.1011434,0.3214068,0.276658,1.044427,0.79486006,-0.1973,0.1454
16,gen16_m3,0.36758506,1.835655,0.19725884,0.35485086,0.50307524,0.816329,-0.0752,0.1489
17,gen15_m3,0.29759455,2.6911275,0.21253468,0.38191894,0.90802985,0.95829946,-0.1182,0.1465
17,gen17_m1,0.4655945,2.2816904,0.23245732,0.33139837,1.0280508,1.1126285,-0.0932,0.1473
17,gen17_m2,0.24930187,2.5573425,0.23997149,0.3960436,0.6265323,0.85326415,0.1062,0.1476
17,gen17_m3,0.34597006,2.7413573,0.22822039,0.44704577,1.043043,1.0252655,0.1052,0.1412
18,gen15_m3,0.29759455,2.6911275,0.21253468,0.38191894,0.90802985,0.95829946,-0.1270,0.1359
18,gen18_m1,0.3812731,2.2512307,0.18744697,0.43586108,0.8731511,0.9477266,-0.1805,0.1395
18,gen18_m2,0.20813963,2.9689982,0.23328802,0.5101875,0.8773608,0.7154428,0.1605,0.1392
18,gen18_m3,0.3242106,2.24309,0.24327196,0.32851127,1.05331,0.8963254,0.1470,0.1421
19,gen15_m3,0.29759455,2.6911275,0.21253468,0.38191894,0.90802985,0.95829946,0.0210,0.1400
19,gen19_m1,0.41370603,2.4643912,0.23468493,0.53734666,0.9493407,1.12846,-0.1250,0.1425
19,gen19_m2,0.600241,2.6135886,0.26539502,0.4759649,1.057458,0.81351477,0.1565,0.1480
19,gen19_m3,0.27688512,4.090385,0.16143014,0.3277056,1.0829092,0.9660919,-0.0525,0.1466
20,gen15_m3,0.29759455,2.6911275,0.21253468,0.38191894,0.90802985,0.95829946,0.2280,0.1426
20,gen20_m1,0.25134525,2.1038725,0.13424179,0.4369836,0.76705843,1.0830823,0.0305,0.1389
20,gen20_m2,0.41198775,1.653586,0.14405195,0.32319784,0.9571411,0.7914541,-0.0455,0.1360
20,gen20_m3,0.296886,2.5908062,0.21137482,0.41321012,1.3550237,2.1770675,-0.2130,0.1357
21,gen15_m3,0.29759455,2.6911275,0.21253468,0.38191894,0.90802985,0.95829946,-0.0092,0.1467
21,gen21_m1,0.30676627,2.2482128,0.14593728,0.35899633,0.9368692,0.9105347,-0.1638,0.1506
21,gen21_m2,0.35324687,2.4075806,0.17922904,0.37627807,1.135261,0.9473857,-0.2223,0.1474
21,gen21_m3,0.4078553,3.3129213,0.24410273,0.25693667,0.94948673,0.6523668,0.3952,0.1447
22,gen15_m3,0.29759455,2.6911275,0.21253468,0.38191894,0.90802985,0.95829946,0.0717,0.1506
22,gen22_m1,0.4308034,2.796046,0.24219824,0.3429296,0.5376184,0.8612092,0.0948,0.1522
22,gen22_m2,0.26094243,2.8511956,0.19204737,0.41147617,0.78471625,0.84838617,-0.1613,0.1476
22,gen22_m3,0.29714504,3.2017984,0.25809738,0.35106292,1.063422,1.3867894,-0.0053,0.1490
23,gen15_m3,0.29759455,2.6911275,0.21253468,0.38191894,0.90802985,0.95829946,0.1215,0.1410
23,gen23_m1,0.28749952,2.9473538,0.14422728,0.31971753,0.7770777,0.6421456,-0.0140,0.1433
23,gen23_m2,0.29531932,3.4058158,0.29272154,0.3907106,0.7496142,0.79975355,-0.0655,0.1428
23,gen23_m3,0.25955594,3.1642113,0.21841106,0.35848126,0.66136414,1.0211608,-0.0420,0.1446
24,gen15_m3,0.29759455,2.6911275,0.21253468,0.38191894,0.90802985,0.95829946,-0.1268,0.1392
24,gen24_m1,0.34151286,2.2656832,0.1255029,0.433785,0.7727708,1.1814393,0.0283,0.1421
24,gen24_m2,0.43617687,2.2017446,0.23914671,0.4582376,0.7504579,0.6603217,0.2333,0.1415
24,gen24_m3,0.38300356,3.393383,0.2163883,0.49305162,1.0027575,1.0384294,-0.1348,0.1455
25,gen15_m3,0.29759455,2.6911275,0.21253468,0.38191894,0.90802985,0.95829946,-0.1883,0.1439
25,gen25_m1,0.28243428,2.448022,0.2052648,0.27005744,0.8506579,1.5244659,0.0563,0.1419
25,gen25_m2,0.27991176,2.7531707,0.16192663,0.44588917,1.3005723,0.7583038,0.0418,0.1488
25,gen25_m3,0.3385269,2.226733,0.2282753,0.3643299,0.9251081,0.69448704,0.0902,0.1474
